total_return,annualized_return,sharpe_ratio,max_drawdown,volatility,final_capital
108.03180080845061,51.55145707026734,1.1745933667168496,-16.563195922959174,19.22661826650157,144536097.74978656
